id,name,kategorie,nachfrage,monetarisierung,automatisierung,wettbewerb,skalierbarkeit,kapital,risiko,startkosten_chf,zeit_bis_umsatz,begruendung
O01,Vermieter-Toolkit Schweiz (Excel: Nebenkosten + Mietzins + Mieterwechsel),Digitales Produkt,8,8,9,7,6,10,8,0-60,3-14 Tage,"~45% der CH-Mietwohnungen gehören Privatpersonen; bezahlte Lösungen existieren (WEKA CHF 150, Casafair CHF 5 PDF, captain.legal ab 4.90) → Preislücke 30-50 CHF; eigenes Fachwissen Bewirtschaftung"
O02,Mietzins-/Referenzzins-Rechner als Lead-Magnet + Upsell,Digitales Produkt/SEO,7,5,10,5,6,10,8,0,4-8 Wochen,"Suchspitzen bei BWO-Bekanntgabe (quartalsweise), aber Mieterverband/HEV bieten Gratisrechner"
O03,Nebenkosten-Prüfung für Mieter (KI-Check der Abrechnung),Digitale Dienstleistung,7,6,7,6,6,10,5,0-50,2-4 Wochen,"Mieter misstrauen Abrechnungen; Mieterverband prüft nur für Mitglieder; Haftungs-/Rechtsberatungsrisiko"
O04,Micro-SaaS Mieterwechsel-Tracker für kleine Verwaltungen,SaaS,6,6,8,5,8,7,6,50-200,6-12 Wochen,"Zahlungsbereitschaft vorhanden, aber Garaio/Fairwalter/ImmoTop etabliert; langer Vertriebszyklus; Interessenkonflikt mit Arbeitgeber"
O05,KI-Inseratstexte für Vermieter (Wohnungsinserate),AI Service,5,4,9,3,5,10,8,0,2-4 Wochen,"Homegate/Flatfox bauen KI selbst ein; tiefe Zahlungsbereitschaft"
O06,Etsy/Gumroad Excel-Vorlagen generisch (Budget/Haushalt),Digitales Produkt,6,5,9,2,6,10,8,0-20,4-12 Wochen,"Massiv übersättigt; Preisdruck CHF 2-5"
O07,Swiss-German Bewerbungs-/CV-Vorlagen,Digitales Produkt,6,5,9,3,5,10,8,0,4-8 Wochen,"Viele Gratisangebote; RAV/Jobportale gratis"
O08,Lokale Lead-Generierung Handwerker (Maler/Reinigung) Region,Lead Gen,7,6,6,5,6,8,5,50-300,4-8 Wochen,"Etablierte Portale (Offerten24, Renovero); Kunden-Akquise der Handwerker nötig"
O09,Endreinigung-mit-Abnahmegarantie Vermittlung,Vermittlung,7,6,4,4,5,8,4,100-300,2-6 Wochen,"Hoher manueller Aufwand, Haftung, starke Konkurrenz"
O10,Affiliate-Vergleichsseite Mietkautionsversicherung CH (SwissCaution/FirstCaution/GoCaution),Affiliate,6,5,8,4,6,9,6,10-50,8-16 Wochen,"Affiliate-Programme vorhanden, aber SEO dauert Monate, Comparis/Moneyland dominieren"
O11,Affiliate Hypotheken-Vergleich,Affiliate,7,6,7,2,7,9,4,10-50,3-6 Monate,"Höchste CPC-Branche, dominiert von Moneyland/Comparis/HypoPlus"
O12,B2B-Automatisierung Treuhand (Belegerfassung mit KI),B2B Service,7,7,6,4,7,7,5,0-100,4-10 Wochen,"Bexio/Abacus integrieren KI; Vertrieb an Treuhänder zeitintensiv"
O13,Steuererklärungs-Checklisten je Kanton,Digitales Produkt,6,4,8,4,5,10,6,0,Saisonal (Feb-Apr),"Kantone bieten Gratis-Wegleitungen; saisonal; jetzt falscher Zeitpunkt"
O14,Prompt-Packs / KI-Workflows für KMU,Digitales Produkt,5,4,9,2,5,10,8,0,4-8 Wochen,"Übersättigt, schnelle Entwertung"
O15,Print-on-Demand Merch,E-Commerce,4,4,7,2,6,9,7,0-50,4-12 Wochen,"Margen tief, Traffic teuer, Sättigung"
O16,Dropshipping Nischenprodukt CH,E-Commerce,5,5,5,3,6,5,4,300+,4-8 Wochen,"Kapital für Ads, Zoll/MWST, Retouren, Plattformrisiko"
O17,Newsletter mit Sponsoring (CH-Immobilien),Media,4,3,6,5,7,10,8,0,6-12 Monate,"Monetarisierung erst ab ~2000 Abonnenten"
O18,Chrome-Extension Produktivität,SaaS,4,3,9,3,7,10,7,5,2-4 Monate,"Freemium-Erwartung, schwierige Monetarisierung"
O19,Übersetzung/Lokalisierung DE-CH Websites mit KI,Dienstleistung,6,6,6,4,4,10,7,0,2-4 Wochen,"Zahlungsbereitschaft ja, aber Arbeitszeit pro Auftrag hoch; Preisdruck durch DeepL"
O20,Mietvertrags-Generator CH (Webformular → PDF),SaaS/Dokument,7,6,8,3,6,9,4,20-50,4-8 Wochen,"Comparis/HEV/captain.legal gratis bzw. sehr günstig; Haftung für Vertragstexte"
O21,"Wohnungsabnahme-App (Tablet, Fotos, PDF)",SaaS,6,5,8,4,7,8,6,0-50,6-10 Wochen,"Gute Ergänzung zu O01 als Phase 2; Upsell-Kandidat"
O22,Stockwerkeigentum-Kostenverteiler (Wertquoten-Rechner) für Verwalter,Digitales Produkt,6,7,9,6,5,10,8,0,3-14 Tage,"Ähnlich O01, kleinere Zielgruppe; als Variante von O01 integrierbar"
