prio,firma,anrede,ort,telefon,email,website,grund
A,Dudli + Partner Steuerberatung (idp-treuhand),Guten Tag,Zürich,044 308 25 50,info@idp-treuhand.ch,idp-treuhand.ch,Steuererklärungen Privatpersonen; Mitglied Hauseigentümerverband
A,SCC Treuhand,Guten Tag,Winterthur,079 773 84 00,info@scctreuhand.ch,scctreuhand.ch,Fixpreis «Steuererklärung mit Liegenschaft» auf der Preisseite
A,SEBONA Treuhand,Guten Tag,Kloten,043 883 90 60,info@sebona.ch,sebona-treuhand.ch,Online-Buchung Steuererklärung mit Liegenschaften-Zuschlag
A,H&H Treuhand,Guten Tag,Winterthur,078 227 92 13,info@hh-treuhand.ch,hh-treuhand.ch,junges Kleinbüro
A,Treuhand Catherine Schmid GmbH,Guten Tag Frau Schmid,Zürich,044 317 61 91,info@treuhandschmid.ch,treuhandschmid.ch,Kleinbüro Privat + KMU
A,ONE! Treuhand GmbH,Guten Tag,Glattbrugg,044 533 34 25,welcome@onetreuhand.ch,onetreuhand.ch,wirbt aktiv mit privater Steuererklärung
A,Fuchs Treuhand AG,Guten Tag,Zürich,044 463 11 18,fuchstreuhand@gmx.ch,fuchstreuhand.ch,Kleinbüro Steuern
A,Treuhand Giani GmbH,Guten Tag,Horgen,079 770 33 88,kontakt@treuhand-giani.ch,treuhand-giani.ch,Kleinbüro
A,smartpedia treuhand GmbH,Guten Tag,Wetzikon,044 599 23 23,info@smartpedia.ch,smartpedia-treuhand.ch,Steuerberatung Privatpersonen
A,Lipp Treuhand AG,Guten Tag,Affoltern am Albis,044 760 40 01,info@lipptreuhand.ch,lipptreuhand.ch,regionales Büro
A,Marzo Treuhand,Guten Tag,,,info@marzotreuhand.ch,marzotreuhand.ch,Fixpreis Steuererklärung inkl. 1 Liegenschaft
B,hit Treuhand GmbH,Guten Tag,Uster,044 905 89 89,info@hit-treuhand.ch,hit-treuhand.ch,führt Grundstückgewinnsteuer als Thema
B,Graf Treuhand AG,Guten Tag,Region Uster,052 397 12 12,info@graftreu.ch,,Partner von hit Treuhand
B,TREVAG Treuhand,Guten Tag,Bülach,044 864 20 20,info@trevagtreuhand.ch,trevagtreuhand.ch,Steuerberatung Privat
B,ENGE-TREUHAND AG,Guten Tag,Kloten,044 281 00 11,info@enge-treuhand.ch,enge-treuhand.ch,
B,Treuhand Zentrum Zürich (TZZ),Guten Tag,Zürich,044 421 33 77,info@tz-zuerich.ch,treuhand-zentrum-zuerich.ch,Steuern natürliche Personen
B,Reinhard Schmid Treuhand- und Buchhaltungsbüro,Guten Tag Herr Schmid,Zürich,,darazita@bluewin.ch,rschmid-treuhand.ch,Einzelperson; eher KMU-Kunden
B,Langhart & Partner Treuhand AG,Guten Tag,Wetzikon,044 933 50 20,info@langhart-partner.ch,langhart-partner.ch,Steuern Privat
B,Impuls Treuhand GmbH,Guten Tag,Affoltern am Albis,044 515 77 00,info@impuls-treuhand.ch,impuls-treuhand.ch,
B,Liesch Treuhand,Guten Tag,Winterthur,044 320 00 86,info@lieschtreuhand.ch,lieschtreuhand.ch,Treuhand + Personalvermittlung
B,Peter Treuhand,Guten Tag,Horgen,079 470 62 84,info@peter-treuhand.ch,peter-treuhand.ch,Kleinbüro
C,Doris Graf Treuhand,Guten Tag Frau Graf,Bülach,043 411 55 77,,graf-treuhand.ch,Einzelfirma – anrufen oder Kontaktformular
C,Unterland Treuhand,Guten Tag,Region Bülach/Dielsdorf,079 714 14 10,,unterlandtreuhand.ch,wünscht WhatsApp – Vorlage als Nachricht
C,HMR Hafner Treuhand AG,Guten Tag,Kloten,043 255 41 61,,,anrufen
C,Streit Treuhand,Guten Tag Frau Streit,Kloten,044 534 34 34,,streit-treuhand.ch,Beatrix Streit – anrufen
C,Eisele & Partner Treuhand AG,Guten Tag,Winterthur,052 245 11 88,,,anrufen
C,Buchhaltung Reutlinger GmbH,Guten Tag,Wil ZH,078 853 33 97,,,anrufen
C,Taxalis Treuhand AG,Guten Tag,Wetzikon,,,,E-Mail auf Website suchen
C,ORSINI Treuhand GmbH,Guten Tag,Winterthur,,,,E-Mail auf Website suchen
C,Treuhand Tsalapatanis,Guten Tag,Winterthur,,,,E-Mail auf Website suchen
C,Koller Treuhand AG,Guten Tag,Bülach,,,koller-treuhand.ch,Kontaktformular auf Website
C,Simpletax GmbH,Guten Tag,Dübendorf,,,,E-Mail auf Website suchen
